;Licence +;Licence ++;Licence +++;;;;;;;;;;;;;;;;;;;;;;;;;;;;
A la suite des CGU analys‚es par les ‚tudiants du DIU Droit et Informatique promotion 2015, nous vous pr‚sentons les r‚sultats suivants :;;;;;;;;;;;;;;;;;;;;;;;;;;;;;;;
CarriŠres Juridiques;;;;;;;;;;;;;;;;;;;;;;;;;;;;;;;
"Juritravail ""Version du 7 octobre 2014""";;;;;;;;;;;;;;;;;;;;;;;;;;;;;;;
Diapaz;;;;;;;;;;;;;;;;;;;;;;;;;;;;;;;
Lamyline;;;;;;;;;;;;;;;;;;;;;;;;;;;;;;;
Brousseau G‚n‚ralistes Associ‚s;;;;;;;;;;;;;;;;;;;;;;;;;;;;;;;
LexisNexis;;;;;;;;;;;;;;;;;;;;;;;;;;;;;;;
Editions Francis LefŠvre;;;;;;;;;;;;;;;;;;;;;;;;;;;;;;;
Lamyline CGV mis … jour en juillet 2010;;;;;;;;;;;;;;;;;;;;;;;;;;;;;;;
Wolters Kluher - RH;;;;;;;;;;;;;;;;;;;;;;;;;;;;;;;
Latham & Watkins LLP charte mise … jour le 29 aout 2012;;;;;;;;;;;;;;;;;;;;;;;;;;;;;;;
Lextenso;;;;;;;;;;;;;;;;;;;;;;;;;;;;;;;
Dalloz.fr;;;;;;;;;;;;;;;;;;;;;;;;;;;;;;;
INSEE - SIRENE;;Le SIRENE g‚rant de nombreuses informations … caractŠres personnelles ne possŠdent pas de CGU ou mˆme de politique vis … vis des cookies.;;;;;;;;;;;;;;;;;;;;;;;;;;;;;
Legalshop;;;;;;;;;;;;;;;;;;;;;;;;;;;;;;;
Connect-Avocat;;;;;;;;;;;;;;;;;;;;;;;;;;;;;;;
Village-Justice;;;;;;;;;;;;;;;;;;;;;;;;;;;;;;;
Fiducial;;;;;;;;;;;;;;;;;;;;;;;;;;;;;;;
Lawinfrance CGV mis … jour le 1er d‚cembre 2014;;;;;;;;;;;;;;;;;;;;;;;;;;;;;;;
Casetext;;Licence ++;;;;;;;;;;;;;;;;;;;;;;;;;;;;;
Alin‚a by Luxia;;;;;;;;;;;;;;;;;;;;;;;;;;;;;;;
Legavox;;;;;;;;;;;;;;;;;;;;;;;;;;;;;;;
Rocketmatter;;;;;;;;;;;;;;;;;;;;;;;;;;;;;;;
Infogreffe;;;;;;;;;;;;;;;;;;;;;;;;;;;;;;;
MPJ Mutuelle Professions Judiciaires;;;;;;;;;;;;;;;;;;;;;;;;;;;;;;;
Communication … des tiers pour marketing direct;opt-in pour sollicitation commerciale sauf pour produits et services ‚quivalents/ modification CGV / opt-in prospection commerciale;Marketing direct avec restrictions li‚es aux destinataires, aux centres d?int‚rˆts ou aux supports;Communication des DP … des tiers pour marketing direct;;;;;;;;;;;;;;;;;;;;;;;;;;;;
WK RH;;;"""Le pr‚sent Site Web peut ˆtre amen‚ … transmettre ces informations … des tiers, notamment … des fins de prospection commerciale. L?autorisation de l?utilisateur lui sera alors demand‚e … l?occasion de la collecte de ces informations""";;;;;;;;;;;;;;;;;;;;;;;;;;;;
Latham & Watkins LLP;"""Si vous vous inscrivez sur une ou plusieurs de nos listes de diffusion ou que vous nous transmettez autrement des donn‚es personnelles par l'interm‚diaire de notre Site, nous utiliserons ces informations aux fins pour lesquelles elles ont ‚t‚ recueillies et … toute autre fin raisonnablement connexe que nous jugerons appropri‚e. Si vous choisissez d'utiliser le R‚seau Alumni, vous pouvez soumettre 
des commentaires et partager des donn‚es nominatives, comme vos 
coordonn‚es. Nous pouvons utiliser les donn‚es que vous soumettez via le
 R‚seau Alumni pour partager avec vous des informations int‚ressantes ou
 vous concernant, et nous pouvons ‚galement utiliser ces informations 
pour vous contacter pour des ‚tudes de march‚ ou vous fournir des 
informations commerciales dont nous pensons qu'elles sont 
particuliŠrement int‚ressantes. """;;;;;;;;;;;;;;;;;;;;;;;;;;;;;;
LegalShop;;;"""Legalshop.fr est amen‚ … collecter des donn‚es personnelles concernant le Membre, lors de son inscription et au cours de l'utilisation des services. Ces donn‚es ne sont utilis‚es que pour les seuls besoins de la gestion de Legalshop.fr, des Comptes des Membres et de la promotion des services et avantages de Legalshop.fr. Elles pourront ˆtre mises … la disposition des Partenaires pour l'‚mission directe d'offres de ceux-ci.""";;;;;;;;;;;;;;;;;;;;;;;;;;;;
Connect-Avocat;L?Editeur peut communiquer au Client des informations relatives aux Produit sous forme ‚lectronique. Ces informations peuvent ˆtre transmises par e-mail … l?adresse ‚lectronique sp‚cifi‚e lors de la souscription aux Produits ou par le biais d?un site Internet.;;;;;;;;;;;;;;;;;;;;;;;;;;;;;;
Village-Justice;"EGITEAM s?engage … ne pas transmettre l?ensemble des informations personnelles … un tiers … l?exception de l?utilisation d?un serveur informatique tiers pour le routage des emails destin‚s aux Abonn‚s. (...) 

Par ailleurs, LEGI TEAM se r‚serve la possibilit‚ de Vous
adresser, y compris par Courrier ‚lectronique, sauf opposition de votre part
dans les conditions pr‚vues au pr‚sent article ou dans lesdits Courriers
‚lectroniques: ÿ

- Soit une ou plusieurs lettres d'informations
p‚riodiques au titre de l?Offre … laquelle Vous avez souscrit, 

- Soit des informations promotionnelles relatives … des
produits et services analogues … ceux faisant l?objet du Contrat auquel Vous
avez souscrit, 

- Soit des informations ou offres promotionnelles relatives
aux autres produits ou services propos‚s par LEGI TEAM … condition que Vous ayez
manifest‚ votre consentement pr‚alable … recevoir ces informations promotionnelles.";;;;;;;;;;;;;;;;;;;;;;;;;;;;;;
Fiducial;FIDUCIAL.FR est seul destinataire des donn‚es … caractŠre personnel qui lui sont communiqu‚es. FIDUCIAL.FR garantit que les donn‚es ne peuvent en aucun cas ˆtre c‚d‚es … d'autres tiers.;;;;;;;;;;;;;;;;;;;;;;;;;;;;;;
Alin‚a by luxia;"""LUXIA pourra vous envoyer des notifications concernant Alin‚a by Luxia par courriel, … l?adresse indiqu‚e dans votre Compte, par lettre envoy‚e par courrier postal … l?adresse indiqu‚e dans votre Compte ou par affichage sur Alin‚a by Luxia. Les notifications prendront effet imm‚diatement.";;;;;;;;;;;;;;;;;;;;;;;;;;;;;;
Brousseau G‚n‚ralistes Associ‚s;"Les destinataires des donn‚es collect‚es depuis notre site sontÿ:
                    
                        Pour l?identification des soci‚t‚s ayant consult‚ notre site, et la r‚alisation de statistiques de fr‚quentation, la soci‚t‚ PagesJaunes.
 Pour la proposition d?offre publicitaire adapt‚e … votre historique de navigation, la soci‚t‚ Digital To Store.                   
                    ";;;;;;;;;;;;;;;;;;;;;;;;;;;;;;
EFL Editions Francis Lefebvre;"Les donn‚es personnelles ""peuvent ˆtre communiqu‚es aux autres soci‚t‚s du groupe EDITIONS LEFEBVRE SARRUT … des fins de prospection commerciale et tout autre tiers en cas de n‚cessit‚ strictement li‚e … l?ex‚cution de la commande""";;;;;;;;;;;;;;;;;;;;;;;;;;;;;;
Dalloz;"""Les donn‚es personnelles communiqu‚es par l'Utilisateur sont destin‚es au traitement de votre demande. Toutefois, ces donn‚es pourront ˆtre c‚d‚es ou lou‚es … des partenaires commerciaux … des fins de prospection commerciale.""";;;;;;;;;;;;;;;;;;;;;;;;;;;;;;
Lamyline;;;;;;;;;;;;;;;;;;;;;;;;;;;;;;;
LexisNexis;"Peuvent, dans les limites de leurs attributions respectives, avoir accŠs … vos donn‚es personnelles :
les personnes charg‚es du service marketing, du service commercial, des services charg‚s de traiter la relation client et la prospection, des services administratifs, des services logistiques et informatiques ainsi que leurs responsables hi‚rarchiques ;
Peuvent ˆtre destinataires des donn‚es : 
- les partenaires, les soci‚t‚s ext‚rieures ou les filiales d?un mˆme groupe de soci‚t‚s;
- les organismes, les auxiliaires de justice et les officiers minist‚riels dans le cadre de leur mission du recouvrement de cr‚ances.";;;;;;;;;;;;;;;;;;;;;;;;;;;;;;
Rocketmatter;;;;;;;;;;;;;;;;;;;;;;;;;;;;;;;
Infogreffe;"""Les informations demand‚es … l'Utilisateur pour l'‚tablissement de la 
facture ou l'exp‚dition de sa commande ont pour seuls destinataires les 
services d'Infogreffe";;;;;;;;;;;;;;;;;;;;;;;;;;;;;;
;;;;;;;;;;;;;;;;;;;;;;;;;;;;;;;
Viralit‚ des conditions de r‚utilisation des donn‚es personnelles par les tiers;Services de publicit‚, de mesure et d?analyse (uniquement des informations qui ne permettent pas de vous identifier personnellement).;Engagement sur la viralit‚ des conditions / sur la non divulgation des donn‚es par les tiers;Pas d?engagement sur la viralit‚ des pr‚sentes conditions ou sur la divulgation par les tiers selon les mˆmes conditions;;;;;;;;;;;;;;;;;;;;;;;;;;;;
Latham & Watkins LLP;"""Nous pourrons transmettre vos donn‚es … des tiers pour le traitement de ces donn‚es … notre seul b‚n‚fice, mais nous ne fournirons pas vos donn‚es … un tiers … des fins de marketing sauf dans le cadre des demandes d'information que vous avez effectu‚es impliquant des tiers ou dans le cadre d'‚v‚nements impliquant des pr‚sentations ou un parrainage par des tiers.""";;;;;;;;;;;;;;;;;;;;;;;;;;;;;;
Casetext  ;;"""En conformit‚ avec notre politique des noms et des identit‚s mentionn‚es dans les Termes, nous divulguerons votre nom sur votre profil et en d?autres lieux sur le Service. Par le biais de certaines fonctionnalit‚s du Service, vous pouvez ‚galement rendre publiques d?autres  informations sur vous-mˆmes. Ces informations publiques seront alors largement et rapidement diss‚min‚es. 

Les informations que nous collectons sont utilis‚es pour fournir le Service, l?am‚liorer et en am‚liorer le contenu, et pour empˆcher tout abus. Nous ne vendons pas vos Informations personnelles … des tiers. Nous pouvons partager ou  divulguer vos informations sans votre consentement, par exemple si vous utilisez une application tierce pour acc‚der … votre compte.

Nous pouvons avoir recours … des soci‚t‚s ou individus tiers pour nous aider … fournir, analyser et am‚liorer le Service (y compris, sans que la liste ne soit limitative, stockage de donn‚es, services de maintenance, gestion de base de donn‚es, analyse web, s‚curit‚, modes de paiement, et am‚lioration des caract‚ristiques du Service). Ces tiers peuvent uniquement avoir accŠs … vos informations dans
le but d?accomplir ces tƒches pour votre compte et en vertu des mˆmes obligations que celles mentionn‚es dans cette Politique de Confidentialit‚.

Nous refuserons en toute ind‚pendance les demandes d?accŠs … vos informations en provenance d?utilisateurs de notre site lorsque nous les jugerons inappropri‚es.""";"""Nous pouvons partager vos informations avec une application tierce avec votre consentement, par exemple lorsque vous choisissez d?acc‚der au Service par cette application. Nous ne sommes pas responsables des agissements des tiers avec ces informations et vous devez donc vous assurer que vous avez confiance en cette application et qu?elle a une politique de confidentialit‚ qui est acceptable pour vous.

Nous pouvons divulguer … des tiers … Casetext les informations que nous collectons sur vous lorsque nous croyons de bonne foi que cette divulgation est raisonnablement n‚cessaire pour (a) respecter une loi, un rŠglement, ou une demande l‚gale obligatoireÿ; (b) prot‚ger la s‚curit‚ d?une personne menac‚e de mort ou de dommage physique graveÿ; (c) pr‚venir la fraude ou l?abus de Casetext ou de ses utilisateursÿ; ou (d) prot‚ger les droits de propri‚t‚ de Casetext.

Nous pouvons divulguer vos informations agr‚g‚es, non priv‚es, ou non personnelles, telles que les statistiques d?utilisation de notre Service.""";;;;;;;;;;;;;;;;;;;;;;;;;;;;
Alin‚a by Luxia ;" ""LUXIA peut utiliser ces informations aussi longtemps qu'elles sont sous une forme ne permettant pas de vous identifier personnellement""";;;;;;;;;;;;;;;;;;;;;;;;;;;;;;
Brousseau G‚n‚ralistes Associ‚s;"Les destinataires des donn‚es collect‚es depuis notre site sontÿ:
                    
                        Pour l?identification des soci‚t‚s ayant consult‚ notre site, et la r‚alisation de statistiques de fr‚quentation, la soci‚t‚ PagesJaunes.
 Pour la proposition d?offre publicitaire adapt‚e … votre historique de navigation, la soci‚t‚ Digital To Store.                   
                    ";;;;;;;;;;;;;;;;;;;;;;;;;;;;;;
Dalloz;N/A;N/A;N/A;;;;;;;;;;;;;;;;;;;;;;;;;;;;
Lamyline;N/A;N/A;N/A;;;;;;;;;;;;;;;;;;;;;;;;;;;;
EFL Editions Francis Lefebvre;N/A;N/A;N/A;;;;;;;;;;;;;;;;;;;;;;;;;;;;
LexisNesis;"Peuvent ˆtre destinataires des donn‚es : 
- les partenaires, les soci‚t‚s ext‚rieures ou les filiales d?un mˆme groupe de soci‚t‚s;
- les organismes, les auxiliaires de justice et les officiers minist‚riels dans le cadre de leur mission du recouvrement de cr‚ances.
Le Produit ou Service peut ‚galement vous donner accŠs … des fonctionnalit‚s issues des r‚seaux sociaux, forums, chat, blogs (pages de profil Facebook, compte twitter) par exemple et d'autres services pour lesquels vous ˆtes en mesure d'afficher des donn‚es personnelles. Toutes les informations que vous publiez ou communiquez par le biais de ces services est public. Nous vous recommandons d?ˆtre prudent lorsque vous divulguez des donn‚es personnelles dans ces espaces accessibles … tous. ";;;;;;;;;;;;;;;;;;;;;;;;;;;;;;
Juritravail ;;;Les Utilisateurs acceptent que leurs Donn‚es Personnelles soient transmises aux Avocats destinataires des Demandes de contact, aux Partenaires ainsi qu?aux entreprises n?appartenant pas au mˆme groupe que JURITRAVAIL avec lesquelles cette derniŠre a conclu un accord. Tout Utilisateur souhaitant que ses donn‚es ne soient pas c‚d‚es … des entreprises n?appartenant pas au mˆme groupe que JURITRAVAIL peut en formuler la demande auprŠs de JURITRAVAIL, dans les conditions pr‚vues … l'article 3 ci-aprŠs.;;;;;;;;;;;;;;;;;;;;;;;;;;;;
Diapaz;;;"Le client autorise ColibriWithUs … transmettre lesdites donn‚es … tout tiers dŠs lors que ce transfert est n‚cessaire … la bonne ex‚cution des prestations. Par donn‚es personnelles les parties entendent les
donn‚es permettant l?identification du client (sans que cette liste soit exhaustive : nom, nøRCS, adresse, nombre de lignes ou d'utilisateurs. Ne sont pas concern‚es les donn‚es du client h‚berg‚es sur le serveur de ColibriWithUs.";;;;;;;;;;;;;;;;;;;;;;;;;;;;
MPJ Mutuelle Professions Judiciaires;;;"""En utilisant ce site Internet, 
vous consentez express‚ment au traitement de vos donn‚es nominatives par
 Google dans les conditions et pour les finalit‚s d‚crites ci-dessus""";;;;;;;;;;;;;;;;;;;;;;;;;;;;
Information pr‚alable pour la communication des donn‚es personnelles … des tiers en cas de fusion;Collecte opt-in pr‚alable … la fusion;Information pr‚alable pour opt-out cas de fusion;Pas d?information pr‚alable transmission en cas de fusion;;;;;;;;;;;;;;;;;;;;;;;;;;;;
Latham & Watkins LLP;;;"""Nous pouvons transf‚rer les donn‚es dont nous disposons sur vous dans le cadre d'une restructuration ou d'un rapprochement de notre cabinet avec un autre cabinet.""";;;;;;;;;;;;;;;;;;;;;;;;;;;;
;"""Si nous faisons l?objet d?une fusion, d?une acquisition, ou d?une vente de tout ou partie de vos biens, vos informations peuvent ˆtre transf‚r‚es en tant qu?‚l‚ment de cette op‚ration, mais nous vous notifierons (par exemple, par email et/ou grƒce … une notice visible sur notre site) de tout changement de contr“le ou d?utilisation de vos Informations Personnelles, y compris si ces op‚rations donnent lieu … une Politique de Confidentialit‚ diff‚rente. Nous vous notifierons ‚galement des options que vous pourrez avoir quant … vos informations."" ÿ";;;;;;;;;;;;;;;;;;;;;;;;;;;;;;
Brousseau G‚n‚ralistes Associ‚s;N/A;N/A;N/A;;;;;;;;;;;;;;;;;;;;;;;;;;;;
Dalloz;N/A;N/A;N/A;;;;;;;;;;;;;;;;;;;;;;;;;;;;
Lamyline;N/A;N/A;N/A;;;;;;;;;;;;;;;;;;;;;;;;;;;;
EFL Editions Francis Lefebvre;N/A;N/A;N/A;;;;;;;;;;;;;;;;;;;;;;;;;;;;
LexisNexis;N/A;N/A;N/A;;;;;;;;;;;;;;;;;;;;;;;;;;;;
Finalit‚ de la r‚utilisation des donn‚es personnelles collect‚es;Pour finalit‚ statistique et la facturation;Pour fournir le service et les offres adapt‚es;Pour les collecter, les utiliser, les agr‚ger, les transf‚rer, les divulguer … quelque fin que se soit;;;;;;;;;;;;;;;;;;;;;;;;;;;;
Latham & Watkins LLP;"""Nous pouvons utiliser ces donn‚es pour am‚liorer la performance de nos serveurs et pour administrer notre Site.""";;;;;;;;;;;;;;;;;;;;;;;;;;;;;;
LegalShop;;"""Le Membre, sauf opposition expresse de sa part, autorise Legalshop.fr … enregistrer ses connexions et sa navigation, … l'int‚rieur du site de Legalshop.fr et … partir de celui-ci par les moyens technologiques en vigueur, aux seules fins de lui permettre l'attribution des avantages et le traitement statistique des visites.""";;;;;;;;;;;;;;;;;;;;;;;;;;;;;
Connect-Avocat;"""Le Client est le contr“leur de l?ensemble des donn‚es qu?il remet … l?Editeur dans le cadre de l?utilisation des Produits souscris. L?Editeur n?est qu?un op‚rateur de traitement des donn‚es agissant pour le compte du Client. L?Editeur traite les donn‚es conform‚ment aux instructions du Client. (...) L?Editeur traitera uniquement ces Donn‚es du Client aux fins de fournir 
les Produits et d?ex‚cuter ses obligations conform‚ment au Contrat.""";;;;;;;;;;;;;;;;;;;;;;;;;;;;;;
Fiducial;Les donn‚es … caractŠre personnel communiqu‚es sont collect‚es et utilis‚es par FIDUCIAL.FR aux seules fins d'administrer l'accŠs au portail et aux services qui y sont propos‚s, de r‚pondre aux demandes d?informations ou de documentation. Elles sont ‚galement destin‚es … permettre d'‚tablir toute ‚tude statistique, dont la diffusion sera strictement interne.;;;;;;;;;;;;;;;;;;;;;;;;;;;;;;
Lawinfrance;L'ensemble des informations recueillies par LEGI TEAM est destin‚ … la prise en compte de votre Souscription, …l?utilisation Service et … sa maintenance, … l?ex‚cution du Contrat par LEGI TEAM et de toutes les suites quipourraient en r‚sulter;LEGI TEAM se r‚serve la possibilit‚ de Vous adresser, y compris par Courrier ‚lectronique, saufopposition de votre part dans les conditions pr‚vues au pr‚sent article ou dans lesdits Courriers ‚lectroniques: - Soit une ou plusieurs lettres d'informations p‚riodiques au titre de l?Offre … laquelle Vous avez souscrit, - Soit des informations promotionnelles relatives … des produits et services analogues … ceux faisant l?objet duContrat auquel Vous avez souscrit, - Soit des informations ou offres promotionnelles relatives aux autres produits ou services propos‚s par LEGITEAM  …  condition  que  Vous  ayez  manifest‚  votre  consentement  pr‚alable  …  recevoir  ces  informationspromotionnelles;;;;;;;;;;;;;;;;;;;;;;;;;;;;;
Casetext;;"""Lorsque vous utilisez le Service, nous pouvons collecter vos informations personnelles qui peuvent ˆtre utilis‚es pour vous contacter ou vous identifier (®ÿDonn‚es personnellesÿ¯). Les Donn‚es Personnelles sont ou peuvent ˆtre utilis‚es pourÿ: (i) fournir et am‚liorer le Service, (ii) administrer votre utilisation du Service, (iii) mieux comprendre vos besoins et int‚rˆts, (iv) personnaliser et am‚liorer votre exp‚rience, (v) fournir ou offrir des mises … jour logicielles et des annonces de produits, et (vi) v‚rifier que les utilisateurs r‚pondent aux critŠres d?utilisation du Service Casetext tel qu?indiqu‚ dans les Conditions de Service.

Certains Equipements permettent … des applications d?acc‚der en temps r‚el … des informations de localisation (tel le GPS). De mˆme, certaines des informations que nous collectons grƒce … un Equipement, telle l?adresse IP, peuvent parfois ˆtre utilis‚es pour permettre d?estimer la localisation d?un Equipement. Nous pouvons utiliser cette information pour optimiser votre exp‚rience.

Nous collectons aussi des informations (nous-mˆmes ou par le biais de tiers) utilisant les historiques de navigation et des cookies, telles l?adresse IP, qui peut parfois ˆtre corr‚l‚e avec des Donn‚es personnelles sous forme statistique. Nous utilisons ces informations pour les fins mentionn‚es ci-dessus et pour g‚rer et analyser le fonctionnement du Service, pour l?administration technique du Service, pour augmenter les fonctionnalit‚s du Service et son utilisabilit‚, et pour v‚rifier que les utilisateurs ont les autorisations requises pour mettre en ?uvre le Service selon leurs demandes. Au jour de la publication de cette politique, nous utilisons Google Analytics et Segment.io.""";;;;;;;;;;;;;;;;;;;;;;;;;;;;;
Alin‚a by Luxia;"""Vous acceptez que LUXIA conserve et utilise les Donn‚es d'Inscription que vous avez fournies en vue de la tenue de votre Compte et de la facturation""";"""Vous acceptez que le LUXIA puisse collecter et utiliser les donn‚es techniques et toute information associ‚e, y compris, notamment, les informations techniques concernant votre dispositif, votre systŠme et votre logiciel d'application, ainsi que les p‚riph‚riques, et qui sont recueillies p‚riodiquement afin de faciliter la fourniture de mises … jour de logiciels, de services d'assistance technique relative au produit, ainsi que d'autres services (le cas ‚ch‚ant) se rapportant … Alin‚a by Luxia. LUXIA peut utiliser ces informations aussi longtemps qu'elles sont sous une forme ne permettant pas de vous identifier personnellement, afin d'am‚liorer ses produits ou de vous fournir des services ou des technologies.""";;;;;;;;;;;;;;;;;;;;;;;;;;;;;
Brousseau G‚n‚ralistes Associ‚s;"1. d'‚tablir des statistiques et comptages de fr‚quentation et d'utilisation des diverses rubriques et contenus de notre site afin de r‚aliser des ‚tudes pour en am‚liorer le contenuÿ;                   
                    ";2. d'adapter du contenu publicitaire … vos centres d'int‚rˆts et, ‚ventuellement, votre localit‚, qui r‚sultent des donn‚es de navigation de votre terminal parmi les rubriques de notre site sans que nous n'ayons de donn‚es personnelles permettant de vous identifier ou de vous contacter directement.;;;;;;;;;;;;;;;;;;;;;;;;;;;;;
EFL Editions Francis Lefebvre;"""Conform‚ment … la Loi 78-17 ® Informatique et Libert‚s ¯ du 6 janvier 1978, le Client et/ou les utilisateurs disposent d?un droit d?accŠs, de rectification et d?opposition aux donn‚es personnelles trait‚es les concernant. Ils peuvent exercer ce droit en ‚crivant … l?Editeur [...]. Cette garantie ne s?applique pas pour les traitements … finalit‚ statistique, conform‚ment mentionn‚ aux Conditions G‚n‚rales applicables au Produit choisi par le Client, dŠs lors que ces derniers n?abordent les donn‚es que de maniŠre anonyme et globalis‚e.""";;;;;;;;;;;;;;;;;;;;;;;;;;;;;;
Dalloz;Conform‚ment … la Loi 78-17 du 6 janvier 1978, modifi‚e par la loi du 23 janvier 2006, vous disposez d?un droit d?accŠs, de rectification et d?opposition. Cette garantie ne s?applique pas pour les traitements … finalit‚ statistique dŠs lors que ces derniers n?abordent les donn‚es que de maniŠre anonyme et globalis‚e.;;;;;;;;;;;;;;;;;;;;;;;;;;;;;;
Lextenso (CGV) ;;"""Lextenso s'engage … ne pas divulguer … des tiers les informations que le
 client lui communique. Celles-ci sont confidentielles. Elles ne seront 
utilis‚es que pour le traitement de la commande et pour renforcer et 
personnaliser la communication et l'offre propos‚e aux clients de 
Lextenso, notamment par les lettres d'informations auxquelles le client 
se sera abonn‚ ainsi que dans le cadre de la personnalisation du site en
 fonction de ses centres d'int‚rˆts"".";;;;;;;;;;;;;;;;;;;;;;;;;;;;;
Lextenso (CGU) ;;"Les informations que vous nous communiquez sont utilis‚es de la fa‡on suivante.

            > Abonn‚s … la lettre de diffusion : votre adresse e-mail
 est uniquement utilis‚e pour l'envoi de notre lettre de diffusion et 
d'annonces concernant Lextenso. Vous pouvez … tout moment vous 
d‚sabonner de notre lettre de diffusion en cliquant sur la mention ""Vous
 d‚sabonner de la lettre de diffusion de Lextenso"" qui figure au bas de 
celle-ci.
            > Si vous avez laiss‚ vos coordonn‚es en vue
 de recevoir des informations ou de vous abonner … l'un des journaux ou 
revues partenaires de Lextenso, les soci‚t‚s ‚ditrices de ces journaux 
et revues ou Lextenso peuvent ‚ventuellement ˆtre amen‚s … vous 
transmettre des messages. Toutefois vos coordonn‚es ne sont jamais 
communiqu‚es … l'ext‚rieur.
            > Pour les abonn‚s … la 
bibliothŠque Lextenso, vos coordonn‚es personnelles sont utilis‚es pour 
vous donner accŠs aux documents concern‚s ainsi que pour les ‚l‚ments de
 personnalisation de Lextenso (m‚morisation des requˆtes, dossiers).";;;;;;;;;;;;;;;;;;;;;;;;;;;;;
LexisNexis;;"Nous utilisons les donn‚es personnelles recueillis par le Produit ou Service pour diff‚rentes finalit‚s :

Pour vous aider … effectuer une transaction ou une commande; 
Pour vous fournir et am‚liorer l?usage du Produit ou Service et vous apporter un ‚ventuel support technique ;
Pour vous communiquer les ‚volutions de nos Produits ou Services ;
Pour vous permettre de personnaliser le Produit ou Service et vous permettre de s‚lectionner le contenu auquel vous souhaitez avoir accŠs ou que vous souhaitez partager avec un tiers;
Pour vous contacter au sujet de nos Produits ou Services ou d'autres produits et services de tiers analogues ;
Pour vous inviter … participer … des sondages, des loteries, des concours et des promotions;
Pour analyser vos donn‚es, nous permettant de d‚velopper de nouveaux Produits ou Services, d?am‚liorer nos Produits ou Services, d?identifier vos tendances d'utilisation et d‚terminer l'efficacit‚ de nos campagnes promotionnelles ;
Pour pr‚venir et d‚tecter  ‚ventuelles menaces contre la s‚curit‚ de nos Produits ou Services, la fraude ou toute autre activit‚ illicite, et se conformer … nos obligations l‚gales, r‚gler les diff‚rends et faire appliquer nos contrats.";Nous pouvons ‚galement combiner les donn‚es personnelles que vous nous fournissez avec d'autres donn‚es qui sont d‚j… nos bases de donn‚es, pour autant que la finalit‚ de la base existante soit accessoire … la finalit‚ du traitement principal et dans le respect des finalit‚s d‚crites ci-dessus. ;;;;;;;;;;;;;;;;;;;;;;;;;;;;
Juritravail;;"""Les Donn‚es Personnelles sont utilis‚es par JURITRAVAIL pour les besoins de la fourniture du Service de devis, notamment la transmission ad‚quate des Demandes de contact aux Avocats"" (...) """;;;;;;;;;;;;;;;;;;;;;;;;;;;;;
CarriŠres juridiques;;Les informations recueillies font l'objet d'un traitement informatique destin‚ … permettre aux Utilisateurs de se constituer un profil d'Utilisateur Candidat, d'Utilisateur Recruteur ou d'Utilisateur Organisme de Formation et de profiter des services propos‚s par le Site.;En outre, les Utilisateurs sont inform‚s que les informations qu'ils ont fournis lors de leur inscription sur le Site, peuvent ˆtre ‚galement utilis‚es afin de leur adresser des newsletters provenant uniquement du Site.;;;;;;;;;;;;;;;;;;;;;;;;;;;;
Infogreffe;;"""L'Utilisateur accepte que ces informations soient utilis‚es par 
Infogreffe uniquement pour lui communiquer toute information sur le 
Service""";;;;;;;;;;;;;;;;;;;;;;;;;;;;;
MPJ Mutuelle Professions Judiciaires;;"""Ces informations sont destin‚es … 
ˆtre exploit‚es … des fins de gestion administrative et commerciale""";;;;;;;;;;;;;;;;;;;;;;;;;;;;;
Agr‚gation des donn‚es;Pas d?agr‚gation;Agr‚gation DP avec donn‚es non personnelles;Agr‚gation avec l?ensemble des DP disponibles;;;;;;;;;;;;;;;;;;;;;;;;;;;;
Casetext;;"""Nous pouvons divulguer vos informations agr‚g‚es, non priv‚es, ou non personnelles, telles que les statistiques d?utilisation de notre Service.""";;;;;;;;;;;;;;;;;;;;;;;;;;;;;
Brousseau G‚n‚ralistes Associ‚s;Il n'est pas fait mention d'agr‚gation dans les CGU. Il est donc possible d'imaginer que le service ne procŠde … aucune agr‚gation des DP. ;;;;;;;;;;;;;;;;;;;;;;;;;;;;;;
Dalloz;N/A;N/A;N/A;;;;;;;;;;;;;;;;;;;;;;;;;;;;
Lamyline;N/A;N/A;N/A;;;;;;;;;;;;;;;;;;;;;;;;;;;;
EFL Editions Francis Lefebvre;N/A;N/A;N/A;;;;;;;;;;;;;;;;;;;;;;;;;;;;
LexisNexis;;;Nous pouvons ‚galement combiner les donn‚es personnelles que vous nous fournissez avec d'autres donn‚es qui sont d‚j… nos bases de donn‚es, pour autant que la finalit‚ de la base existante soit accessoire … la finalit‚ du traitement principal et dans le respect des finalit‚s d‚crites ci-dessus. ;;;;;;;;;;;;;;;;;;;;;;;;;;;;
MPJ Mutuelle Professions Judiciaires;;"""Google utilisera cette information
 dans le but d'‚valuer votre utilisation du site, de compiler des 
rapports sur l'activit‚ du site … destination de son ‚diteur et de 
fournir d'autres services relatifs … l'activit‚ du site et … 
l'utilisation d'Internet""";;;;;;;;;;;;;;;;;;;;;;;;;;;;;
Donn‚es de connexion;Uniquement pour et pendant la fourniture du service et pendant l?ex‚cution du contrat;Opt-in pr‚alable pour communicabilit‚ des donn‚es d?identification … des tiers (mots de passe...);Communicabilit‚ des donn‚es d?identification (nom, prenom...) … des tiers (hors autorit‚);;;;;;;;;;;;;;;;;;;;;;;;;;;;
Casetext;"""Donn‚es de connexion. Quand vous utilisez le Service, nous enregistrons automatiquement les informations de votre Equipement, son logiciel, et votre activit‚ d?utilisation
de notre Service. Ces informations peuvent inclure l?adresse IP de votre Equipement, le type de moteur de recherche, la page web que vous avez visit‚e avant d?acc‚der … notre  site, les termes de recherche que vous avez soumis au site, votre localisation g‚ographique, les num‚ros d?identification associ‚s … vos Equipements, les dates et heures associ‚s … votre activit‚ sur notre site, les informations de configuration du systŠme, les m‚tadonn‚es relatives aux fichiers que vous avez t‚l‚charg‚s sur la plateforme publique de Casetext, et vos autres interactions avec le Service.""";;;;;;;;;;;;;;;;;;;;;;;;;;;;;;
Brousseau G‚n‚ralistes Associ‚s;Par ailleurs, lors de la consultation de notre site web, nous sommes amen‚s … collecter et traiter des donn‚es relatives … votre navigation (notamment les cookies, votre adresse IP, les pages que vous avez consult‚es et les recherches que vous avez effectu‚es), et … votre terminal (type de navigateur utilis‚, modŠle et version de votre systŠme d?exploitation, r‚solution de votre ‚cran, pr‚sence de certains plug-ins, ?). Nous r‚aliserons ‚galement une g‚olocalisation approximative de votre ville d?origine.;;;;;;;;;;;;;;;;;;;;;;;;;;;;;;
Dalloz;N/A;N/A;N/A;;;;;;;;;;;;;;;;;;;;;;;;;;;;
Lamyline;N/A;N/A;N/A;;;;;;;;;;;;;;;;;;;;;;;;;;;;
EFL Editions Francis Lefebvre;N/A;N/A;N/A;;;;;;;;;;;;;;;;;;;;;;;;;;;;
LexisNexis;"L?adresse URL de vos connexions, y compris la date et l'heure, ainsi que le contenu auquel acc‚dez sur le Produit ou Service ;";;;;;;;;;;;;;;;;;;;;;;;;;;;;;;
Juritravail;JURITRAVAIL assure la conservation et le stockage des adresses IP de chaque action de l?Utilisateur … des fins d'administration du Site, ainsi que pour mettre un terme/rem‚dier … tout abus ‚ventuel effectu‚ depuis un Compte Personnel. Le traitement des adresses IP est indispensable dans le cadre du fonctionnement du Site.;;;;;;;;;;;;;;;;;;;;;;;;;;;;;;
Donn‚es d?identit‚;Uniquement pour et pendant la fourniture du service et pendant l?ex‚cution du contrat;Opt-in pr‚alable pour communicabilit‚ des donn‚es d?identification … des tiers (mots de passe...);Communicabilit‚ des donn‚es d?identification (nom, prenom...) … des tiers (hors autorit‚);;;;;;;;;;;;;;;;;;;;;;;;;;;;
Latham & Watkins LLP;;;"""Latham & Watkins opŠre dans le monde en tant qu?association d'Avocats … Responsabilit‚ Professionnelle Individuelle (avec des associations … responsabilit‚ limit‚e affili‚es en charge de la pratique au Royaume-Uni, en France, en Italie et … Singapour, en tant qu?associations affili‚es/partenariats affili‚s en charge de la pratique … Hong Kong et au Japon, et en tant qu?entreprise individuelle en Arabie Saoudite), et toutes les informations personnelles en sa possession sont partag‚es avec ces associations … responsabilit‚ limit‚e et les associations affili‚es/partenariats affili‚s. Latham & Watkins LLP aux tats Unis est l?entit‚ responsable de la gestion et de l?usage des informations partag‚es.""";;;;;;;;;;;;;;;;;;;;;;;;;;;;
Village-Justice;LEGI TEAM pourra ‚galement ˆtre amen‚e … conserver certaines des donn‚es personnelles Vous concernant, afin de respecter ses obligations l‚gales et r‚glementaires et les transmettre, le cas ‚ch‚ant, dans les conditions fix‚es par la loi et/ou ses d‚clarations CNIL.;;;;;;;;;;;;;;;;;;;;;;;;;;;;;;
Fiducial;Les donn‚es … caractŠre personnel communiqu‚es sont collect‚es et utilis‚es par FIDUCIAL.FR aux seules fins d'administrer l'accŠs au portail et aux services qui y sont propos‚s, de r‚pondre aux demandes d?informations ou de documentation. Elles sont ‚galement destin‚es … permettre d'‚tablir toute ‚tude statistique, dont la diffusion sera strictement interne.;;;;;;;;;;;;;;;;;;;;;;;;;;;;;;
Casetext;"""Vos informations. Quand vous cr‚ez un compte sur Casetext, nous commen‡ons par collecter certaines informations personnelles, comme votre nom et votre adresse email. Nous pouvons aussi collecter vos Donn‚es Personnelles (par exemple, votre adresse email) par le biais d?autres utilisateurs, par exemple s?ils ont essay‚ de partager du contenu de Casetext avec vous ou s?ils vous ont recommand‚ Casetext.""";;;;;;;;;;;;;;;;;;;;;;;;;;;;;;
Brousseau G‚n‚ralistes Associ‚s;"Notre site ne demande pas d'enregistrement
nominatif … ses visiteurs et ne procŠde … aucun enregistrement nominatif pour
la simple consultation de ses pages. 

Cependant, dans certains cas (fonctionnalit‚s de partage et aux modules
sociaux, formulaires de contact, participation … un jeu-concours, paiement en
ligne...), vous pouvez ˆtre invit‚ … laisser des donn‚es personnelles (noms,
pr‚noms, num‚ros de t‚l‚phones, adresses postales, adresse ‚lectronique?). Le
caractŠre obligatoire ou facultatif des donn‚es vous est signal‚ lors de la
collecte par un ast‚risque. 

Le cas ‚ch‚ant, le formulaire de collecte pourra ˆtre accompagn‚ d'une case …
cocher vous permettant d'accepter ou de refuser que vos donn‚es soient
utilis‚es … des fins commerciales pour le compte de tiers, et/ou c‚d‚es … des
tiers.

Nous ne collectons aucune donn‚e sensible, … savoir aucune donn‚e relative …
vos origines raciales ou ethniques, … vos opinions politiques, philosophiques
ou religieuses ou votre appartenance syndicale, ou qui sont relatives … votre
sant‚ ou votre vie sexuelle.

ÿ";;;;;;;;;;;;;;;;;;;;;;;;;;;;;;
Dalloz;N/A;N/A;N/A;;;;;;;;;;;;;;;;;;;;;;;;;;;;
Lamyline;"®l?Utilisateur est inform‚ que des donn‚es … caractŠre personnel le concernant font l?objet d?un traitement automatis‚ par WKF afin d?assurer leur accŠs au Service Lamyline. Conform‚ment aux dispositions de la loi ® Informatique et Libert‚s ¯ (articles 38 et suivants), l?Utilisateur dispose d?un droit d?accŠs et de rectification des donn‚es les concernant et peuvent s?opposer au traitement pour des motifs l‚gitimes.¯
®L'accŠs de l'Abonn‚ au Service Lamyline se fait, pour tout Utilisateur Autoris‚ [?] via une URL sp‚cifique cod‚e, laquelle sera attribu‚e … l'Abonn‚ dŠs enregistrement de la demande d'abonnement (® AccŠs Sp‚cifique ¯). L'Abonn‚ a la facult‚ de souscrire … l'option de mise en place d'une liste d'Utilisateurs Autoris‚s ; dans ce cas, l'accŠs se fait aprŠs s‚lection par chaque Utilisateur Autoris‚, de son profil utilisateur, compos‚ d'un identifiant et d'un mot de passe, profil qu'il devra lui-mˆme pr‚alablement d‚finir¯";N/A;N/A;;;;;;;;;;;;;;;;;;;;;;;;;;;;
EFL Editions Francis Lefebvre;N/A;N/A;N/A;;;;;;;;;;;;;;;;;;;;;;;;;;;;
LexisNexis;"a. Les
donn‚es que vous nous communiquez. Les donn‚es personnelles collect‚es Service
directement auprŠs de vous par le Produit ou peuvent inclure les donn‚es
suivantes ainsi que tout autre type d'information que nous vous demandons
express‚ment d'entrer dans le Produit ou Service, telles que : 

Donn‚es telles que votre nom,
     pr‚nom, adresse email et num‚ro de t‚l‚phone;Les noms d'utilisateur et mots
     de passe;Les informations relatives au
     paiement, comme num‚ro de carte de cr‚dit;Votre formation et votre
     situation professionnelle;Vos Commentaires ;Vos int‚rˆts et pr‚f‚rences en
     matiŠre de prospection commerciale";;;;;;;;;;;;;;;;;;;;;;;;;;;;;;
MPJ Mutuelle Professions Judiciaires;;;"""Les transferts de donn‚es personnelles sont r‚alis‚s vers Google Inc ; vous consentez express‚ment au 
traitement de vos donn‚es nominatives par Google dans les conditions et 
pour les finalit‚s d‚crites ci-dessus.""";;;;;;;;;;;;;;;;;;;;;;;;;;;;
Identifiants ‚lectroniques;Uniquement pour et pendant la fourniture du service et pendant l?ex‚cution du contrat;Fusion des identifiants plusieurs services de l?entreprise/ transmission … des tiers pour fusion des identifiants ou recherche d?amis pr‚sents;Agr‚gation des identifiants avec tiers / utilisation des comptes de messagerie;;;;;;;;;;;;;;;;;;;;;;;;;;;;
Lawinfrance;LEGI TEAM s?engage … ne pas transmettre l?ensemble des informations personnelles … un tiers … l?exception del?utilisation d?un serveur informatique tiers pour le routage des emails destin‚s aux Abonn‚s. ;;;;;;;;;;;;;;;;;;;;;;;;;;;;;;
Brousseau G‚n‚ralistes Associ‚s;Cependant, dans certains cas (fonctionnalit‚s de partage et aux modules sociaux, formulaires de contact, participation … un jeu-concours, paiement en ligne...), vous pouvez ˆtre invit‚ … laisser des donn‚es personnelles (noms, pr‚noms, num‚ros de t‚l‚phones, adresses postales, adresse ‚lectronique?). Le caractŠre obligatoire ou facultatif des donn‚es vous est signal‚ lors de la collecte par un ast‚risque.;;;;;;;;;;;;;;;;;;;;;;;;;;;;;;
Lextenso (CGU) ;"""Les informations que nous sommes amen‚s … recueillir proviennentÿ:                        - de l'enregistrement volontaire d'une adresse e-mail vous permettant de recevoir notre lettre de diffusion ;
            - de vos coordonn‚es d'abonnement pour acc‚der aux documents de la bibliothŠque de Lextenso"".            ";;;;;;;;;;;;;;;;;;;;;;;;;;;;;;
Dalloz;N/A;N/A;N/A;;;;;;;;;;;;;;;;;;;;;;;;;;;;
Lamyline;N/A;N/A;N/A;;;;;;;;;;;;;;;;;;;;;;;;;;;;
EFL Editions Francis Lefebvre;N/A;N/A;N/A;;;;;;;;;;;;;;;;;;;;;;;;;;;;
LexisNexis;"Les donn‚es
personnelles collect‚es Service directement auprŠs de vous par le Produit ou
peuvent inclure les donn‚es suivantes ainsi que tout autre type d'information
que nous vous demandons express‚ment d'entrer dans le Produit ou Service,
telles que : 

Donn‚es telles que votre nom,
     pr‚nom, adresse email et num‚ro de t‚l‚phone;Les noms d'utilisateur et mots
     de passe;";;;;;;;;;;;;;;;;;;;;;;;;;;;;;;
Informations publiques / donn‚es de profil;Uniquement accessible aux autres utilisateurs;Mise … disposition des partenaires pour r‚f‚rencement et agr‚gation (avec opt-in);Mise … disposition publique pour r‚f‚rencement et agr‚gation (avec opt-out);;;;;;;;;;;;;;;;;;;;;;;;;;;;
Casetext;"""Casetext est une ressource publique qui permet aux utilisateurs de partager du contenu
et d?ajouter des informations … leurs profils professionnels, avec la connaissance et dans l?attente que ce contenu et cette information soit publiquement accessible. Vous reconnaissez que toute information ou contenu que vous publiez sur le site peut ˆtre lu, collect‚, partag‚, ou utilis‚ de quelque autre maniŠre par d?autres qui peuvent y acc‚der. Ces utilisations de vos contenus, qu?il s?agisse du Contenu Original ou du Contenu Republi‚ tels que d‚finis dans nos Conditions d?Utilisation, sont r‚gies par ce Contrat. En outre, vous reconnaissez que les m‚tadonn‚es relatives au contenu que vous postez sur Casetext (tel que l?heure … laquelle vous avez post‚ ce contenu) est visible par le public, accompagn‚es de votre nom. Cette information pourra ˆtre cherch‚e en ligne et pourra ˆtre r‚utilis‚e ou modifi‚e en d?autres lieux. Nous pouvons agr‚ger et divulguer les informations relatives … vos activit‚s sur Casetext visibles publiquement sur votre profil, qui est aussi visible par le public. Par exemple, votre profil peut inclure des commentaires, des annotations, des fichiers, ou tout autre contenu que vous avez partag‚ avec Casetext, de mˆme que des statistiques et autres calculs associ‚s avec votre publication de contenu et les r‚ponses des autres utilisateurs, votes, et visites relatives … ce contenu.""";"""En conformit‚ avec notre politique des noms et des identit‚s mentionn‚es dans les Termes, nous divulguerons votre nom sur votre profil et en d?autres lieux sur le Service. Par le biais de certaines fonctionnalit‚s du Service, vous pouvez ‚galement rendre publiques d?autres  
informations sur vous-mˆmes. Ces informations publiques seront alors largement et rapidement diss‚min‚es."" ";;;;;;;;;;;;;;;;;;;;;;;;;;;;;
Brousseau G‚n‚ralistes Associ‚s;"Aucune mention, mes les destinataires ayant ‚t‚ pr‚cis‚ ; et la collecte de donn‚es n'‚tant pas obligatoire, on peut en d‚duire que les donn‚es collect‚es ne sont pas publiques";;;;;;;;;;;;;;;;;;;;;;;;;;;;;;
Dalloz;N/A;N/A;N/A;;;;;;;;;;;;;;;;;;;;;;;;;;;;
Lamyline;N/A;N/A;N/A;;;;;;;;;;;;;;;;;;;;;;;;;;;;
EFL Editions Francis Lefebvre;N/A;N/A;N/A;;;;;;;;;;;;;;;;;;;;;;;;;;;;
CarriŠres juridiques;"Conform‚ment … l'article 6 des pr‚sentes Conditions G‚n‚rales 
d'Utilisation, l'Utilisateur Candidat du Site a la possibilit‚, lors de 
la cr‚ation de son profil, de refuser de voir son CV, et les donn‚es 
nominatives qui le composent, figurer dans la CVthŠque et faire l'objet 
d'une communication aux Utilisateurs Recruteurs. 
Vous acceptez par les
pr‚sentes Conditions g‚n‚rales d'utilisation d'ˆtre entiŠrement et
personnellement responsable du contenu de tout document publi‚ sur le Site et
de toutes les cons‚quences r‚sultant de cette publication.";;;;;;;;;;;;;;;;;;;;;;;;;;;;;;
LexisNexis;N/A;N/A;N/A;;;;;;;;;;;;;;;;;;;;;;;;;;;;
Donn‚es de localisation;Uniquement pour et pendant la fourniture de service/ conservation limit‚e aux obligations l‚gales;Mise … disposition des partenaires pour r‚f‚rencement et agr‚gation (avec opt-in);Publication automatique / poursuite de la collecte dans le temps aprŠs l?activation / concession de licence d?exploitation perp‚tuelle;;;;;;;;;;;;;;;;;;;;;;;;;;;;
WK RH;"""Pour estimer la fr‚quentation du Site Web ou d‚tecter d'‚ventuelles intrusions informatiques, le pr‚sent Site Web exploite les donn‚es de connexion au site (date, heure, adresse Internet Protocol de l'ordinateur d'un visiteur, page consult‚e).""";;;;;;;;;;;;;;;;;;;;;;;;;;;;;;
Latham & Watkins LLP;"""les registres de notre serveur collectent des donn‚es sur votre systŠme d'exploitation, votre logiciel de navigation, votre adresse IP (Protocole Internet) et le parcours complet de localisateur de ressources uniformes (URL) vers, via et depuis notre site internet, notamment la date et l'heure""";;;;;;;;;;;;;;;;;;;;;;;;;;;;;;
Casetext;"""Certains Equipements permettent … des applications d?acc‚der en temps r‚el … des informations de localisation (tel le GPS). De mˆme, certaines des informations que nous collectons grƒce … un Equipement, telle l?adresse IP, peuvent parfois ˆtre utilis‚es pour permettre d?estimer la localisation d?un Equipement. Nous pouvons utiliser cette information pour optimiser votre exp‚rience.""";;;;;;;;;;;;;;;;;;;;;;;;;;;;;;
Brousseau G‚n‚ralistes Associ‚s;Nous r‚aliserons ‚galement une g‚olocalisation approximative de votre ville d?origine.;;;;;;;;;;;;;;;;;;;;;;;;;;;;;;
Dalloz;N/A;N/A;N/A;;;;;;;;;;;;;;;;;;;;;;;;;;;;
Lamyline;N/A;N/A;N/A;;;;;;;;;;;;;;;;;;;;;;;;;;;;
EFL Editions Francis Lefebvre;N/A;N/A;N/A;;;;;;;;;;;;;;;;;;;;;;;;;;;;
LexisNexis;"Les
informations recueillies automatiquement comprennent : 

L?adresse IP de votre
     ordinateur ;";;;;;;;;;;;;;;;;;;;;;;;;;;;;;;
Donn‚es dans le terminal;;Collecte des donn‚es de profilage et des donn‚es techniques (dont pub cibl‚e) pour la fourniture du service;Collecte des donn‚es de profilage et des donn‚es personnelles pour la fourniture du service;;;;;;;;;;;;;;;;;;;;;;;;;;;;
Brousseau G‚n‚ralistes Associ‚s;;et … votre terminal (type de navigateur utilis‚, modŠle et version de votre systŠme d?exploitation, r‚solution de votre ‚cran, pr‚sence de certains plug-ins, ?).;;;;;;;;;;;;;;;;;;;;;;;;;;;;;
Dalloz;N/A;N/A;N/A;;;;;;;;;;;;;;;;;;;;;;;;;;;;
Lamyline;N/A;N/A;N/A;;;;;;;;;;;;;;;;;;;;;;;;;;;;
EFL Editions Francis Lefebvre;N/A;N/A;N/A;;;;;;;;;;;;;;;;;;;;;;;;;;;;
LexisNexis;;"Les
informations recueillies automatiquement comprennent : 

Les informations relatives … votre ordinateur,
votre mode de connexion, tel que le type et la version de votre navigateur
internet, votre systŠme d'exploitation, l?OS de votre mobile ou tablette, ainsi
que l'identifiant de p‚riph‚rique unique (""UDID"") et d'autres
identifiants techniques;";;;;;;;;;;;;;;;;;;;;;;;;;;;;;
;;;;;;;;;;;;;;;;;;;;;;;;;;;;;;;
Cookies;Opt-in : droit pour les internautes d?accepter leur utilisation et de refuser le croisement des donn‚es de navigation de leur terminal avec leurs donn‚es personnelles;Opt-out : Droit pour les internautes de refuser les cookies;Utilisation n‚cessaire et possible association avec des donn‚es personnelles pour permettre le fonctionnement du service;;;;;;;;;;;;;;;;;;;;;;;;;;;;
WK RH;;"""L'utilisateur est inform‚ que, lors de ses visites sur le Site Web, un cookie peut s'installer automatiquement sur son logiciel de navigation. Le cookie est un bloc de donn‚es qui ne permet pas d'identifier l'utilisateur mais sert … enregistrer des informations relatives … la navigation de celui-ci sur le Site Web. Le param‚trage du logiciel de navigation permet d'ˆtre inform‚ de la pr‚sence du cookie et ‚ventuellement de le refuser.""";;;;;;;;;;;;;;;;;;;;;;;;;;;;;
Juristravail;;"Dans le cas o— l?Utilisateur ne souhaiterait pas que ses Donn‚es Personnelles soient collect‚es grƒce … des cookies, il peut d‚sactiver la prise en charge des cookies dans son navigateur. Cette op‚ration peut cependant diminuer les performances et les fonctionnalit‚s du Site"".";;;;;;;;;;;;;;;;;;;;;;;;;;;;;
LegalShop;;"""Il peut ‚galement … tout moment refuser l'utilisation par Legalshop.fr des cookies pour permettre ou faciliter son identification. Il est pr‚cis‚ que de fait, pour des raisons techniques, ces choix pourront priver le Membre, totalement ou partiellement, des avantages auxquels il a droit.""";;;;;;;;;;;;;;;;;;;;;;;;;;;;;
Fiducial;;L'utilisateur est inform‚ que FIDUCIAL.FR se r‚serve la possibilit‚ d?implanter des ® cookies ¯ qui sont des fichiers d?informations pouvant ˆtre transf‚r‚s sur le disque dur de l?utilisateur, afin d?enregistrer toute information relative … la navigation de son ordinateur sur le Portail. Un cookie ne permet pas d'identifier l'utilisateur. FIDUCIAL.FR rappelle que ces cookies sont exclusivement destin‚s … lui permettre de mesurer l?audience du Portail et en aucun cas … collecter des donn‚es … caractŠre personnel. Les informations ne seront pas conserv‚es au del… de la dur‚e de session utilisateur. L'utilisateur est inform‚ qu'il peut s'opposer … l?enregistrement de cookies en configurant son navigateur. Pour connaŒtre la marche … suivre … cet effet, l'utilisateur est invit‚ … consulter le menu d?aide de son navigateur. L'utilisateur est inform‚ que toute action en ce sens peut empˆcher le Portail de fonctionner correctement.;;;;;;;;;;;;;;;;;;;;;;;;;;;;;
Casetext;;"?Cookies. Nous utilisons ‚galement des ?cookies? pour collecter vos informations et am‚liorer notre Service. Un cookie est un petit
fichier de donn‚es que nous transf‚rons sur votre Equipement. Nous pouvons utiliser des ?cookies persistants? pour enregistrer vos identifiants et votre mot de passe pour de futures connections au Service. Nous pouvons utiliser des ?cookies d?ouverture de session? pour mettre en ?uvre certaines fonctionnalit‚s du Service, pour mieux comprendre comment vous interagissez avec le Service et pour g‚rer vos donn‚es agr‚g‚es d?utilisation et votre traffic web sur le Service. Vous pouvez r‚gler votre moteur de recherche, en changeant ses options, afin qu?il arrˆte l?acceptation des cookies ou qu?il vous alerte avant d?accepter un cookie en provenance d?un site que vous visitez. Cependant, si vous refusez les cookies, vous ne pourrez pas acc‚der … tous les ‚l‚ments du Service. [...]

Nous collectons aussi des informations (nous-mˆmes ou par le biais de tiers) utilisant les historiques de navigation et des cookies, telles l?adresse IP, qui peut parfois ˆtre corr‚l‚e avec des Donn‚es personnelles sous forme statistique. Nous utilisons ces informations pour les fins mentionn‚es ci-dessus et pour g‚rer et analyser le fonctionnement du Service, pour l?administration technique du Service, pour augmenter les fonctionnalit‚s du Service et son utilisabilit‚, et pour v‚rifier que les utilisateurs ont les autorisations requises pour mettre en ?uvre le Service selon leurs demandes. Au jour de la publication de cette politique, nous utilisons Google Analytics et Segment.io.?";;;;;;;;;;;;;;;;;;;;;;;;;;;;;
Brousseau G‚n‚ralistes Associ‚s;;Vous pouvez ‚galement consulter notre page d?information sp‚cifique aux cookies afin de refuser, si vous le d‚sirez, le d‚p“t de cookies lorsque vous naviguez sur notre site.;;;;;;;;;;;;;;;;;;;;;;;;;;;;;
CarriŠres juridiques;;"L'utilisation du Site n‚cessite l'implantation de cookies dans l'ordinateur de l'Utilisateur.

Ces cookie enregistrent des informations relatives … la navigation de l'Utilisateur sur le Site, et stockent des informations qu'il a saisies  durant sa visite. Ainsi, il n'aura pas besoin, lors de sa prochaine  visite, de les saisir … nouveau. Elles seront consultables lors de ses  prochaines visites.L'Utilisateur est inform‚ qu'il peut s'opposer …  l'enregistrement de ""cookies"" en configurant son navigateur de la 
maniŠre suivante :

Pour Mozilla firefox : ?ÿ1. Choisissez le menu ""outil "" puis ""Options"" ;
(...)
ÿ";;;;;;;;;;;;;;;;;;;;;;;;;;;;;
Dalloz;N/A;N/A;N/A;;;;;;;;;;;;;;;;;;;;;;;;;;;;
Lamyline;N/A;N/A;N/A;;;;;;;;;;;;;;;;;;;;;;;;;;;;
EFL Editions Francis Lefebvre;N/A;N/A;N/A;;;;;;;;;;;;;;;;;;;;;;;;;;;;
Lextenso (CGV) ;;;"""Afin de r‚pondre au mieux aux attentes de ses clients, le site Lextenso fait usage de cookies, qui ont pour but de signaler leur passage sur le site et de g‚n‚rer des statistiques d'audience du site"".";;;;;;;;;;;;;;;;;;;;;;;;;;;;
Lextenso (CGU) ;;"L'accŠs … certains services peut amener Lextenso … d‚poser un cookie.

            Les cookies sont de petits fichiers envoy‚s … votre 
navigateur internet et stock‚s sur votre ordinateur. Ils servent … vous 
proposer des informations personnalis‚es en permettant au site visit‚ de
 vous identifier.
            Vous avez la possibilit‚ de visiter 
notre site en d‚sactivant cette option dans les paramŠtres de votre 
navigateur. N‚anmoins, nous ne pouvons dans ce cas vous garantir l'accŠs
 … la bibliothŠque de Lextenso car les cookies nous permettent de 
r‚server cette rubrique aux utilisateurs autoris‚s et de leur garantir 
la confidentialit‚ des ‚l‚ments de personnalisation (requˆtes 
pr‚enregistr‚es, dossiers, personnalisation d'interface).                        L?utilisateur
 a la possibilit‚ de s?opposer … l?enregistrement de  ""cookies"" en 
configurant son navigateur … cette fin. Cependant, si  l?utilisateur 
d‚cide de supprimer ses cookies, il devra par la suite  renouveler 
l?op‚ration. Il en est de mˆme s?il d‚cide de surfer sur un  autre 
navigateur, il faut … nouveau supprimer les cookies sur ce  deuxiŠme 
navigateur. 
            
            Voici la d‚marche … suivre pour supprimer les cookies sur les diff‚rents navigateursÿ: 
            
            Pour Mozilla firefox : 
            
            1. Choisissez le menu ""outil"" puis ""options"" 
            2. Cliquez sur l?ic“ne ""vie priv‚e"" 
            3. Rep‚rez le menu ""cookie"" et s‚lectionnez les options qui vous conviennent 
            http://support.mozilla.org/fr/kb/activer-desactiver-cookies?redirectlocale=fr&redirectslug=Activer+et+d%C3%A9sactiver+les+cookies 
            
            Pour Microsoft Internet Explorer : 
            
            1. Choisissez le menu ""outil"" puis ""options Internet"" 
            2. Cliquez sur l?ic“ne ""Confidentialit‚"" 
            3. S‚lectionnez le niveau souhait‚ … l?aide du curseur 
            http://windows.microsoft.com/fr-FR/windows-vista/Block-or-allow-cookies 
            
            Pour Chrome : 
            
            1. Allez dans le menu Chrome / Pr‚f‚rences 
            2. Cliquez sur ® Afficher les paramŠtres avanc‚s ¯
            3. Cliquez sur ® ParamŠtres de contenu? ¯ dans la partie confidentialit‚
            4. Cliquez sur ® Cookies et donn‚es de site? ¯ dans la nouvelle fenˆtre
            5. Cliquez sur ® Tout supprimer ¯ et validez en cliquant sur ® OK ¯
            https://support.google.com/chrome/answer/95647?hl=fr&hlrm=en 
            
            Pour Safariÿ:             Allez dans le menu Safari / Pr‚f‚rencesCliquez sur ®ÿconfidentialit‚ÿ¯Dans ®ÿBloquer les cookiesÿ¯, cochez ®ÿToujoursÿ¯            http://www.apple.com/support/?path=Safari/3.0/fr/9277.html            ";;;;;;;;;;;;;;;;;;;;;;;;;;;;;
LexisNexis;;Vous avez la possibilit‚ de d‚finir au travers de votre navigateur des rŠgles pour accepter tous les cookies, ˆtre aviser quand un cookie vous est envoy‚, ou enfin d‚finir que vous ne souhaitez pas recevoir de cookies. Si le dernier cas est mis en ?uvre par vos soins, nous vous informons que certaines caract‚ristiques personnalis‚es de nos sites web ne pourront pas vous ˆtre fournies et que par cons‚quence vous ne pourrez pas ˆtre en mesure de profiter pleinement de toutes les fonctionnalit‚s de nos Produits ou Services. ;;;;;;;;;;;;;;;;;;;;;;;;;;;;;
Infogreffe;"""La gestion des transactions Utilisateurs implique l'utilisation de 
cookies. Ils contiennent des informations non personnelles qui n'ont 
aucune signification en dehors du Site. L'Utilisateur peut d‚sactiver 
l'utilisation de cookies en s‚lectionnant les paramŠtres appropri‚s de 
son navigateur. Cependant, une telle d‚sactivation pourrait empˆcher 
l'utilisation de certaines fonctionnalit‚s du Site.";;;;;;;;;;;;;;;;;;;;;;;;;;;;;;
MPJ Mutuelle Professions Judiciaires;;""" Comme indiqu‚ pr‚c‚demment, vous pouvez d‚sactiver l'utilisation de 
cookies en s‚lectionnant les paramŠtres appropri‚s de votre navigateur. 
Cependant, une telle d‚sactivation pourrait empˆcher l'utilisation de 
certaines fonctionnalit‚s de ce site""";;;;;;;;;;;;;;;;;;;;;;;;;;;;;
Pixels espion;Pas d?utilisation;Pour connaŒtre le taux d?ouverture des courriels ou pour finalit‚s l‚gitimes explicitement d‚termin‚es;Impl‚mentation sans transparence ni pr‚cision sur les finalit‚s;;;;;;;;;;;;;;;;;;;;;;;;;;;;
Brousseau G‚n‚ralistes Associ‚s;N/A;N/A;N/A;;;;;;;;;;;;;;;;;;;;;;;;;;;;
Dalloz;N/A;N/A;N/A;;;;;;;;;;;;;;;;;;;;;;;;;;;;
Lamyline;N/A;N/A;N/A;;;;;;;;;;;;;;;;;;;;;;;;;;;;
EFL Editions Francis Lefebvre;N/A;N/A;N/A;;;;;;;;;;;;;;;;;;;;;;;;;;;;
LexisNexis;;;En g‚n‚ral les cookies et des balises Web et autres technologies similaires ne contiennent aucune donn‚e personnelle, mais lorsque vous fournissez vos donn‚es personnelles … travers le Produit ou Service, ces donn‚es personnelles peuvent ˆtre li‚es aux Cookies.;;;;;;;;;;;;;;;;;;;;;;;;;;;;
D‚lai d?anonymisation;Suppression dŠs la suppression du compte / pas de conservation de donn‚es anonymis‚es Conservation syst‚matique si obligation l‚gale;Anonymisation dŠs la suppression du compte;Anonymisation aprŠs la suppression du compte ou aprŠs un d‚lai sup‚rieur … 6 mois;;;;;;;;;;;;;;;;;;;;;;;;;;;;
Connect-Avocat;L?Editeur traitera les Donn‚es Client pendant la dur‚e de fourniture des Produits au Client. A la cessation de l?utilisation des Produits par le Client (r‚siliation), ce dernier pourra extraire les Donn‚es, … savoir les fichiers charg‚s par le Client sur le serveur, les ‚l‚ments composant les agendas et les contacts. L?Editeur effacera ces derniŠres une fois un d‚lai de trente (30) jours ‚coul‚ … compter de la r‚alisation de la cessation de l?utilisation.;;;;;;;;;;;;;;;;;;;;;;;;;;;;;;
Casetext;"""Si vous ˆtes un utilisateur enregistr‚, vous pouvez reviser, mettre … jour, corriger ou effacer les Donn‚es Personnelles que vous avez indiqu‚es sur votre profil. Si vos informations identifiantes personnelles changent, ou si vous ne voulez plus utiliser notre service, vous pouvez les mettre … jour ou les effacer en changeant les paramŠtres de votre compte. Dans certains cas, vous pouvez obtenir des copies de vos informations si la loi le requiert. Pour plus d?informations sur vos Donn‚es Personnelles dans le cadre de notre Service, vous pouvez contacter privacy@casetext.com.

Nous gardons vos informations aussi longtemps que votre compte est actif et autant que n‚cessaire pour vous fournir le Service. Si vous souhaitez cl“turer votre compte ou demander que nous n?utilisions plus vos informations pour vous fournir des services, vous pouvez effacer votre compte en envoyant une demande d?effacement de votre compte … privacy@casetext.com. Nous pouvons garder et utiliser vos informations si ceci est n‚cessaire pour respecter nos obligations l‚gales, r‚soudre des litiges, et ex‚cuter nos contrats. Conform‚ment … ces stipulations, nous tenterons d?effacer vos informations rapidement aprŠs votre demande. Veuillez noter, cependant, qu?un d‚lai peut exister entre la date de l?effacement des informations de nos serveurs et les versions sauvegard‚es qui peuvent continuer … exister aprŠs l?effacement. En outre, nous n?effa‡ons pas de nos serveurs les fichiers que vous partagez avec d?autres utilisateurs.""";;;;;;;;;;;;;;;;;;;;;;;;;;;;;;
Brousseau G‚n‚ralistes Associ‚s;N/A;N/A;N/A;;;;;;;;;;;;;;;;;;;;;;;;;;;;
Lamyline;N/A;N/A;N/A;;;;;;;;;;;;;;;;;;;;;;;;;;;;
EFL Editions Francis Lefebvre;N/A;N/A;N/A;;;;;;;;;;;;;;;;;;;;;;;;;;;;
Dalloz;N/A;N/A;N/A;;;;;;;;;;;;;;;;;;;;;;;;;;;;
LexisNexis;N/A mais pr‚cise que conforme aux obligations de la CNIL;N/A mais pr‚cise que conforme aux obligations de la CNIL;N/A mais pr‚cise que conforme aux obligations de la CNIL;;;;;;;;;;;;;;;;;;;;;;;;;;;;
Notification de s‚curit‚;;;;;;;;;;;;;;;;;;;;;;;;;;;;;;;
Latham & Watkins LLP;"""Ce Site n'est pas con‡u pour stocker des donn‚es personnelles sensibles comme des donn‚es financiŠres, des dossiers m‚dicaux ou scolaires et vous ne devez pas utiliser notre Site … cette fin. Nous sommes convaincus que le Site a recours … des mesures commercialement raisonnables pour s‚curiser vos donn‚es personnelles mais nous ne pouvons pas garantir et ne garantissons pas que ces mesures seront suffisantes pour empˆcher toutes les tentatives d'accŠs non autoris‚ aux donn‚es.""";;;;;;;;;;;;;;;;;;;;;;;;;;;;;;
Village-Justice;;LEGI TEAM prendra toute pr‚caution raisonnable afin de prot‚ger les donn‚es personnelles contre toute perte, mauvaise utilisation, transmission ou accŠs non autoris‚s. Toutefois, LEGI TEAM ne pourra ˆtre tenu responsable de l'accŠs ou de l'interception de vos donn‚es personnelles par un tiers sauf en cas de faute prouv‚e de sa part.;;;;;;;;;;;;;;;;;;;;;;;;;;;;;
Fiducial;FIDUCIAL.FR recourt … des mesures techniques de s‚curit‚ appropri‚es, qui font l?objet d?un examen constant pour prot‚ger les donn‚es … caractŠre personnel et veille … ce qu?aucune personne non habilit‚e ne puisse y avoir accŠs.;;;;;;;;;;;;;;;;;;;;;;;;;;;;;;
Lawinfrance;;LEGI TEAM prendra toute pr‚caution raisonnable afin de prot‚ger les donn‚es personnelles contre toute perte,mauvaise utilisation, transmission ou accŠs non autoris‚s. Toutefois, LEGI TEAM ne pourra ˆtre tenu responsablede l'accŠs ou de l'interception de vos donn‚es personnelles par un tiers sauf en cas de faute prouv‚e de sa part;;;;;;;;;;;;;;;;;;;;;;;;;;;;;
Alin‚a by Luxia;;"""LUXIA devra mettre en ?uvre des moyens raisonnables pour prot‚ger l?information que vous fournissez en relation avec Alin‚a by Luxia, y compris contre toute utilisation frauduleuse";;;;;;;;;;;;;;;;;;;;;;;;;;;;;
Brousseau G‚n‚ralistes Associ‚s;Nous n'avons aucun contr“le sur le processus employ‚ par les r‚seaux sociaux pour collecter ces informations et vous invitons … consulter les politiques de confidentialit‚ de ces derniers.;Nous veillons … ce que les soci‚t‚s partenaires acceptent de traiter les informations collect‚es sur nos sites dans le respect de la loi ®Informatique et Libert‚s ¯ du 6 janvier 1978 et s?engagent … mettre en ?uvre des mesures appropri‚es de s‚curisation et de protection de la confidentialit‚ des donn‚es.;;;;;;;;;;;;;;;;;;;;;;;;;;;;;
Dalloz;N/A;N/A;N/A;;;;;;;;;;;;;;;;;;;;;;;;;;;;
Lamyline;N/A;N/A;N/A;;;;;;;;;;;;;;;;;;;;;;;;;;;;
EFL Editions Francis Lefebvre;N/A;N/A;N/A;;;;;;;;;;;;;;;;;;;;;;;;;;;;
LexisNexis;Nous utilisons une vari‚t‚ de mesures de s‚curit‚ des donn‚es destin‚es … garantir la confidentialit‚ et l'int‚grit‚ de vos informations personnelle;;;;;;;;;;;;;;;;;;;;;;;;;;;;;;
Rocketmatter;;;;;;;;;;;;;;;;;;;;;;;;;;;;;;;
Infogreffe;;;"""  L'Utilisateur d‚clare ˆtre bien inform‚ des 
caract‚ristiques intrinsŠques de l'internet (...) et (ii) que 
l'internet est un r‚seau ouvert et, qu'en cons‚quence, les informations 
qu'il v‚hicule ne sont pas prot‚g‚es contre les risques de d‚tournement,
 d'intrusion dans son systŠme, de piratage des donn‚es, programmes et 
fichiers de son systŠme, de contamination par des virus informatiques, 
et (iii) qu'il lui appartient de prendre toutes les mesures appropri‚es 
de fa‡on … prot‚ger les donn‚es, fichiers ou programmes stock‚s dans son
 systŠme contre la contamination par des virus comme des tentatives 
d'intrusion dans son systŠme. """;;;;;;;;;;;;;;;;;;;;;;;;;;;;
MPJ Mutuelle Professions Judiciaires;;"""Les transferts de donn‚es 
personnelles sont r‚alis‚s vers Google Inc., entreprise ayant adh‚r‚ au 
Safe Harbor et offrant une protection ad‚quate dans le traitement des 
donn‚es personnelles ainsi transf‚r‚es.""";;;;;;;;;;;;;;;;;;;;;;;;;;;;;
Localisation des serveurs d'h‚bergement;;;;;;;;;;;;;;;;;;;;;;;;;;;;;;;
Latham & Watkins LLP;;;"""Ce site internet fonctionne sur des serveurs de plusieurs pays, notamment les Etats-Unis. Lorsque le droit le permet et si le droit en vigueur l'impose, vous consentez express‚ment au transfert, … la collecte et au traitement de vos donn‚es personnelles aux Etats-Unis et dans d'autres pays ou territoires dans lesquels nous ou nos prestataires exer‡ons. En donnant ce consentement, vous d‚clarez avoir compris que les lois sur la d‚tention, le traitement, l'utilisation et le transfert des donn‚es personnelles aux Etats-Unis peuvent ˆtre diff‚rentes et moins protectrices de vos donn‚es personnelles que les lois de votre Etat ou pays.""";;;;;;;;;;;;;;;;;;;;;;;;;;;;
Brousseau G‚n‚ralistes Associ‚s;N/A;N/A;N/A;;;;;;;;;;;;;;;;;;;;;;;;;;;;
Lamyline;N/A;N/A;N/A;;;;;;;;;;;;;;;;;;;;;;;;;;;;
EFL Editions Francis Lefebvre;N/A;N/A;N/A;;;;;;;;;;;;;;;;;;;;;;;;;;;;
Dalloz;N/A;N/A;N/A;;;;;;;;;;;;;;;;;;;;;;;;;;;;
LexisNexis;pas indiqu‚ sur le site, mais par recherche Google ils seraient en France;;;;;;;;;;;;;;;;;;;;;;;;;;;;;;
                               Rocketmatter;"The Rocket Matter application is controlled, operated and 
administered by Rocket Matter from its offices within the United States 
of America.  Data used in connection with the application, and the 
application itself, is hosted on servers physically located in the 
United States. We make no representation that the application is 
appropriate or available for use at other locations outside the United 
States. ";;;;;;;;;;;;;;;;;;;;;;;;;;;;;;
